"SoftwareName","SoftwareStatuses","Workstations","UserNames","CVSSScore","CVEID","CVEDetails"
"FasterXML jackson-databind 2.3.6","installed|uninstalled","W4145|W3785|W4108|W4080|W4106|W3869|W4148|W3674|W4104|W4105|W2555|W2557|W2575|L2430|W3860|W2233|W4092|W2570|L2178|W2572|W3865|W2560|L2592|W2579|W4091|W2525|W2288|W4101|W3864","SYSTEM","7.5","CVE-2018-14718","FasterXML jackson-databind 2.x before 2.9.7 might allow remote attackers to execute arbitrary code by leveraging failure to block the slf4j-ext class from polymorphic deserialization."
"FasterXML jackson-databind 2.3.6","installed|uninstalled","W4145|W3785|W4108|W4080|W4106|W3869|W4148|W3674|W4104|W4105|W2555|W2557|W2575|L2430|W3860|W2233|W4092|W2570|L2178|W2572|W3865|W2560|L2592|W2579|W4091|W2525|W2288|W4101|W3864","SYSTEM","7.5","CVE-2018-19360","FasterXML jackson-databind 2.x before 2.9.8 might allow attackers to have unspecified impact by leveraging failure to block the axis2-transport-jms class from polymorphic deserialization."
"FasterXML jackson-databind 2.3.6","installed|uninstalled","W4145|W3785|W4108|W4080|W4106|W3869|W4148|W3674|W4104|W4105|W2555|W2557|W2575|L2430|W3860|W2233|W4092|W2570|L2178|W2572|W3865|W2560|L2592|W2579|W4091|W2525|W2288|W4101|W3864","SYSTEM","7.5","CVE-2018-19362","FasterXML jackson-databind 2.x before 2.9.8 might allow attackers to have unspecified impact by leveraging failure to block the jboss-common-core class from polymorphic deserialization."
"FasterXML jackson-databind 2.3.6","installed|uninstalled","W4145|W3785|W4108|W4080|W4106|W3869|W4148|W3674|W4104|W4105|W2555|W2557|W2575|L2430|W3860|W2233|W4092|W2570|L2178|W2572|W3865|W2560|L2592|W2579|W4091|W2525|W2288|W4101|W3864","SYSTEM","7.5","CVE-2018-7489","FasterXML jackson-databind before 2.7.9.3, 2.8.x before 2.8.11.1 and 2.9.x before 2.9.5 allows unauthenticated remote code execution because of an incomplete fix for the CVE-2017-7525 deserialization flaw. This is exploitable by sending maliciously crafted JSON input to the readValue method of the ObjectMapper, bypassing a blacklist that is ineffective if the c3p0 libraries are available in the classpath."
"FasterXML jackson-databind 2.3.6","installed|uninstalled","W4145|W3785|W4108|W4080|W4106|W3869|W4148|W3674|W4104|W4105|W2555|W2557|W2575|L2430|W3860|W2233|W4092|W2570|L2178|W2572|W3865|W2560|L2592|W2579|W4091|W2525|W2288|W4101|W3864","SYSTEM","5.1","CVE-2018-5968","FasterXML jackson-databind through 2.8.11 and 2.9.x through 2.9.3 allows unauthenticated remote code execution because of an incomplete fix for the CVE-2017-7525 and CVE-2017-17485 deserialization flaws. This is exploitable via two different gadgets that bypass a blacklist."
"FasterXML jackson-databind 2.3.6","installed|uninstalled","W4145|W3785|W4108|W4080|W4106|W3869|W4148|W3674|W4104|W4105|W2555|W2557|W2575|L2430|W3860|W2233|W4092|W2570|L2178|W2572|W3865|W2560|L2592|W2579|W4091|W2525|W2288|W4101|W3864","SYSTEM","7.5","CVE-2018-14720","FasterXML jackson-databind 2.x before 2.9.7 might allow attackers to conduct external XML entity (XXE) attacks by leveraging failure to block unspecified JDK classes from polymorphic deserialization."
"FasterXML jackson-databind 2.3.6","installed|uninstalled","W4145|W3785|W4108|W4080|W4106|W3869|W4148|W3674|W4104|W4105|W2555|W2557|W2575|L2430|W3860|W2233|W4092|W2570|L2178|W2572|W3865|W2560|L2592|W2579|W4091|W2525|W2288|W4101|W3864","SYSTEM","7.5","CVE-2018-14721","FasterXML jackson-databind 2.x before 2.9.7 might allow remote attackers to conduct server-side request forgery (SSRF) attacks by leveraging failure to block the axis2-jaxws class from polymorphic deserialization."
"FasterXML jackson-databind 2.3.6","installed|uninstalled","W4145|W3785|W4108|W4080|W4106|W3869|W4148|W3674|W4104|W4105|W2555|W2557|W2575|L2430|W3860|W2233|W4092|W2570|L2178|W2572|W3865|W2560|L2592|W2579|W4091|W2525|W2288|W4101|W3864","SYSTEM","7.5","CVE-2018-14719","FasterXML jackson-databind 2.x before 2.9.7 might allow remote attackers to execute arbitrary code by leveraging failure to block the blaze-ds-opt and blaze-ds-core classes from polymorphic deserialization."
"FasterXML jackson-databind 2.3.6","installed|uninstalled","W4145|W3785|W4108|W4080|W4106|W3869|W4148|W3674|W4104|W4105|W2555|W2557|W2575|L2430|W3860|W2233|W4092|W2570|L2178|W2572|W3865|W2560|L2592|W2579|W4091|W2525|W2288|W4101|W3864","SYSTEM","7.5","CVE-2017-17485","FasterXML jackson-databind through 2.8.10 and 2.9.x through 2.9.3 allows unauthenticated remote code execution because of an incomplete fix for the CVE-2017-7525 deserialization flaw. This is exploitable by sending maliciously crafted JSON input to the readValue method of the ObjectMapper, bypassing a blacklist that is ineffective if the Spring libraries are available in the classpath."
"FasterXML jackson-databind 2.3.6","installed|uninstalled","W4145|W3785|W4108|W4080|W4106|W3869|W4148|W3674|W4104|W4105|W2555|W2557|W2575|L2430|W3860|W2233|W4092|W2570|L2178|W2572|W3865|W2560|L2592|W2579|W4091|W2525|W2288|W4101|W3864","SYSTEM","7.5","CVE-2018-19361","FasterXML jackson-databind 2.x before 2.9.8 might allow attackers to have unspecified impact by leveraging failure to block the openjpa class from polymorphic deserialization."
"FasterXML jackson-databind 2.3.6","installed|uninstalled","W4145|W3785|W4108|W4080|W4106|W3869|W4148|W3674|W4104|W4105|W2555|W2557|W2575|L2430|W3860|W2233|W4092|W2570|L2178|W2572|W3865|W2560|L2592|W2579|W4091|W2525|W2288|W4101|W3864","SYSTEM","5.0","CVE-2018-1000873","Fasterxml Jackson version Before 2.9.8 contains a CWE-20: Improper Input Validation vulnerability in Jackson-Databind that can result in Causes a denial-of-service (DoS). This attack appear to be exploitable via The victim deserializes malicious input, specifically very large values in the nanoseconds field of a time value. This vulnerability appears to have been fixed in 2.9.8."
"MiniShare 1.4.1","uninstalled","W2411","SYSTEM","7.5","CVE-2004-2271","Buffer overflow in MiniShare 1.4.1 and earlier allows remote attackers to execute arbitrary code via a long HTTP GET request."
"MiniShare 1.4.1","uninstalled","W2411","SYSTEM","7.5","CVE-2018-19861","Buffer overflow in MiniShare 1.4.1 and earlier allows remote attackers to execute arbitrary code via a long HTTP HEAD request.  NOTE: this product is discontinued."
"MiniShare 1.4.1","uninstalled","W2411","SYSTEM","7.5","CVE-2018-19862","Buffer overflow in MiniShare 1.4.1 and earlier allows remote attackers to execute arbitrary code via a long HTTP POST request.  NOTE: this product is discontinued."
"Zoho ManageEngine ADSelfService Plus 5.4 build 4799","installed","REBE|RHACHEL","SYSTEM","4.3","CVE-2010-3272","accounts/ValidateAnswers in the security-questions implementation in ZOHO ManageEngine ADSelfService Plus before 4.5 Build 4500 makes it easier for remote attackers to reset user passwords, and consequently obtain access to arbitrary user accounts, via a modified (1) Hide_Captcha or (2) quesList parameter in a validateAll action."
"Zoho ManageEngine ADSelfService Plus 5.4 build 4799","installed","REBE|RHACHEL","SYSTEM","4.3","CVE-2010-3274","Multiple cross-site scripting (XSS) vulnerabilities in EmployeeSearch.cc in the Employee Search Engine in ZOHO ManageEngine ADSelfService Plus before 4.5 Build 4500 allow remote attackers to inject arbitrary web script or HTML via the searchString parameter in a (1) showList or (2) Search action."
"Zoho ManageEngine ADSelfService Plus 5.4 build 4799","installed","REBE|RHACHEL","SYSTEM","4.3","CVE-2011-5105","Multiple cross-site scripting (XSS) vulnerabilities in EmployeeSearch.cc in ZOHO ManageEngine ADSelfService Plus 4.5 Build 4521 allow remote attackers to inject arbitrary web script or HTML via the (1) searchType and (2) searchString parameters, a different vulnerability than CVE-2010-3274."
"Zoho ManageEngine ADSelfService Plus 5.4 build 4799","installed","REBE|RHACHEL","SYSTEM","5.0","CVE-2010-3273","ZOHO ManageEngine ADSelfService Plus before 4.5 Build 4500 allows remote attackers to reset user passwords, and consequently obtain access to arbitrary user accounts, by providing a user id to accounts/ValidateUser, and then providing a new password to accounts/ResetResult."
"Zoho ManageEngine ADSelfService Plus 5.4 build 4799","installed","REBE|RHACHEL","SYSTEM","7.5","CVE-2019-3905","Zoho ManageEngine ADSelfService Plus 5.x before build 5703 has SSRF."
"Zoho ManageEngine ADSelfService Plus 5.4 build 4799","installed","REBE|RHACHEL","SYSTEM","4.3","CVE-2018-20485","Zoho ManageEngine ADSelfService Plus 5.7 before build 5702 has XSS in the employee search feature."
"Zoho ManageEngine ADSelfService Plus 5.4 build 4799","installed","REBE|RHACHEL","SYSTEM","4.3","CVE-2014-3779","Cross-site scripting (XSS) vulnerability in ZOHO ManageEngine ADSelfService Plus before 5.2 Build 5202 allows remote attackers to inject arbitrary web script or HTML via the name parameter to GroupSubscription.do."
"Zoho ManageEngine ADSelfService Plus 5.4 build 4799","installed","REBE|RHACHEL","SYSTEM","7.5","CVE-2018-20664","Zoho ManageEngine ADSelfService Plus 5.x before build 5701 has XXE via an uploaded product license."
"Zoho ManageEngine ADSelfService Plus 5.4 build 4799","installed","REBE|RHACHEL","SYSTEM","4.3","CVE-2018-20484","Zoho ManageEngine ADSelfService Plus 5.7 before build 5702 has XSS in the self-update layout implementation."
"ExifTool 8.32","installed","L2565","SYSTEM","6.8","CVE-2018-20211","ExifTool 8.32 allows local users to gain privileges by creating a %TEMP%\par-%username%\cache-exiftool-8.32 folder with a victim's username, and then copying a Trojan horse ws32_32.dll file into this new folder, aka DLL Hijacking.  NOTE: 8.32 is an obsolete version from 2010 (9.x was released starting in 2012, and 10.x was released starting in 2015)."
"IBM API Connect 5.0.8.0","uninstalled","L2565","SYSTEM","4.0","CVE-2018-1389","IBM API Connect 5.0.0.0 through 5.0.8.2 is impacted by generated LoopBack APIs for a Model using the BelongsTo/HasMany relationship allowing unauthorized modification of information. IBM X-Force ID: 138213."
"IBM API Connect 5.0.8.0","uninstalled","L2565","SYSTEM","3.5","CVE-2018-1430","IBM API Connect 5.0.0.0 through 5.0.8.2 is vulnerable to cross-site scripting. This vulnerability allows users to embed arbitrary JavaScript code in the Web UI thus altering the intended functionality potentially leading to credentials disclosure within a trusted session. IBM X-Force ID: 139226."
"IBM API Connect 5.0.8.0","uninstalled","L2565","SYSTEM","4.0","CVE-2018-1468","IBM API Connect 5.0.8.1 and 5.0.8.2 could allow a user to get access to internal environment and sensitive API details to which they are not authorized. IBM X-Force ID: 140399."
"IBM API Connect 5.0.8.0","uninstalled","L2565","SYSTEM","4.0","CVE-2018-1532","IBM API Connect 5.0.0.0 through 5.0.8.2 does not properly update the SESSIONID with each request, which could allow a user to obtain the ID in further attacks against the system. IBM X-Force ID: 142430."
"IBM API Connect 5.0.8.0","uninstalled","L2565","SYSTEM","4.3","CVE-2018-1546","IBM API Connect 5.0.0.0 through 5.0.8.3 could allow a remote attacker to obtain sensitive information, caused by the failure to properly enable HTTP Strict Transport Security. An attacker could exploit this vulnerability to obtain sensitive information using man in the middle techniques. IBM X-Force ID: 142650."
"IBM API Connect 5.0.8.0","uninstalled","L2565","SYSTEM","4.0","CVE-2018-1548","IBM API Connect 2018.1.0.0, 2018.2.1, 2018.2.2, 2018.2.3, and 2018.2.4 contains a vulnerability that could allow an authenticated user to obtain sensitive information. IBM X-Force ID: 142657."
"IBM API Connect 5.0.8.0","uninstalled","L2565","SYSTEM","3.5","CVE-2018-1599","IBM API Connect 5.0.0.0 through 5.0.8.3 could allow a remote attacker to hijack the clicking action of the victim. By persuading a victim to visit a malicious Web site, a remote attacker could exploit this vulnerability to hijack the victim's click actions and possibly launch further attacks against the victim. IBM X-Force ID: 143744."
"IBM API Connect 5.0.8.0","uninstalled","L2565","SYSTEM","6.8","CVE-2018-1638","IBM API Connect 5.0.0.0-5.0.8.3 Developer Portal does not enforce Two Factor Authentication (TFA) while resetting a user password but enforces it for all other login scenarios. IBM X-Force ID: 144483."
"IBM API Connect 5.0.8.0","uninstalled","L2565","SYSTEM","7.5","CVE-2018-1712","IBM API Connect's Developer Portal 5.0.0.0 through 5.0.8.3 is vulnerable to Server Side Request Forgery. An attacker, using specially crafted input parameters can trick the server into making potentially malicious calls within the trusted network. IBM X-Force ID: 146370."
"IBM API Connect 5.0.8.0","uninstalled","L2565","SYSTEM","6.8","CVE-2018-1774","IBM API Connect 5.0.0.0, 5.0.8.4, 2018.1 and 2018.3.6 is vulnerable to CSV injection via the developer portal and analytics that could contain malicious commands that would be executed once opened by an administrator. IBM X-Force ID: 148692."
"IBM API Connect 5.0.8.0","uninstalled","L2565","SYSTEM","5.0","CVE-2018-1779","IBM API Connect 2018.1 through 2018.3.7 could allow an unauthenticated attacker to cause a denial of service due to not setting limits on JSON payload size. IBM X-Force ID: 148802."
"IBM API Connect 5.0.8.0","uninstalled","L2565","SYSTEM","7.5","CVE-2018-1784","IBM API Connect 5.0.0.0 and 5.0.8.4 is affected by a NoSQL Injection in MongoDB connector for the LoopBack framework. IBM X-Force ID: 148807."
"IBM API Connect 5.0.8.0","uninstalled","L2565","SYSTEM","6.5","CVE-2018-1789","IBM API Connect v2018.1.0 through v2018.3.4 could allow an attacker to send a specially crafted request to conduct a server side request forgery attack. IBM X-Force ID: 148939."
"IBM API Connect 5.0.8.0","uninstalled","L2565","SYSTEM","6.5","CVE-2018-1859","IBM API Connect 5.0.0.0 through 5.0.8.4 could allow a user authenticated as an administrator with limited rights to escalate their privileges. IBM X-Force ID: 151258."
"IBM API Connect 5.0.8.0","uninstalled","L2565","SYSTEM","9.0","CVE-2018-1973","IBM API Connect 5.0.0.0 through 5.0.8.4 allows a user with limited 'API Administrator level access to give themselves full 'Administrator' level access through the members functionality. IBM X-Force ID: 153914."
"IBM API Connect 5.0.8.0","uninstalled","L2565","SYSTEM","9.3","CVE-2018-1778","IBM LoopBack (IBM API Connect 2018.1, 2018.4.1, 5.0.8.0, and 5.0.8.4) could allow an attacker to bypass authentication if the AccessToken Model is exposed over a REST API, it is then possible for anyone to create an AccessToken for any User provided they know the userId and can hence get access to the other user&#195;&#162;&#194;&#128;&#194;&#153;s data / access to their privileges (if the user happens to be an Admin for example). IBM X-Force ID: 148801."
"IBM API Connect 5.0.8.0","uninstalled","L2565","SYSTEM","10.0","CVE-2014-4752","IBM System Networking G8052, G8124, G8124-E, G8124-ER, G8264, G8316, and G8264-T switches before 7.9.10.0; EN4093, EN4093R, CN4093, SI4093, EN2092, and G8264CS switches before 7.8.6.0; Flex System Interconnect Fabric before 7.8.6.0; 1G L2-7 SLB switch for Bladecenter before 21.0.21.0; 10G VFSM for Bladecenter before 7.8.14.0; 1:10G switch for Bladecenter before 7.4.8.0; 1G switch for Bladecenter before 5.3.5.0; Server Connectivity Module before 1.1.3.4; System Networking RackSwitch G8332 before 7.7.17.0; and System Networking RackSwitch G8000 before 7.1.7.0 have hardcoded credentials, which makes it easier for remote attackers to obtain access via unspecified vectors."
"IBM API Connect 5.0.8.0","uninstalled","L2565","SYSTEM","7.5","CVE-2017-1161","IBM API Connect 5.0.6.0 could allow a remote attacker to execute arbitrary commands on the system, caused by improper validation of URLs for the Developer Portal. By crafting a malicious URL, an attacker could exploit this vulnerability to execute arbitrary commands on the system with the privileges of the www-data user. IBM X-Force ID: 122956."
"IBM API Connect 5.0.8.0","uninstalled","L2565","SYSTEM","5.0","CVE-2017-1379","IBM API Connect 5.0.0.0 could allow a remote attacker to obtain sensitive information, caused by improper handling of requests to the Developer Portal. IBM X-Force ID: 127002."
"IBM API Connect 5.0.8.0","uninstalled","L2565","SYSTEM","4.0","CVE-2017-1785","IBM API Connect 5.0.7 and 5.0.8 could allow an authenticated remote user to modify query parameters to obtain sensitive information. IBM X-Force ID: 136859."
"IBM API Connect 5.0.8.0","uninstalled","L2565","SYSTEM","3.5","CVE-2018-1382","IBM API Connect 5.0.0.0 is vulnerable to cross-site scripting. This vulnerability allows users to embed arbitrary JavaScript code in the Web UI thus altering the intended functionality potentially leading to credentials disclosure within a trusted session. IBM X-Force ID: 138079."
"IBM API Connect 5.0.8.0","uninstalled","L2565","SYSTEM","10.0","CVE-2018-1469","IBM API Connect Developer Portal 5.0.0.0 through 5.0.8.2 could allow an unauthenticated attacker to execute system commands using specially crafted HTTP requests. IBM X-Force ID: 140605."
"IBM API Connect 5.0.8.0","uninstalled","L2565","SYSTEM","4.0","CVE-2017-1555","IBM API Connect 5.0.0.0 through 5.0.7.2 could allow an authenticated user to generate an API token when not subscribed to the application plan. IBM X-Force ID: 131545."
"IBM API Connect 5.0.8.0","uninstalled","L2565","SYSTEM","5.8","CVE-2017-1551","IBM API Connect 5.0.0.0 through 5.0.7.2 could allow a remote attacker to hijack the clicking action of the victim. By persuading a victim to visit a malicious Web site, a remote attacker could exploit this vulnerability to hijack the victim's click actions and possibly launch further attacks against the victim. IBM X-Force ID: 131291."
"IBM API Connect 5.0.8.0","uninstalled","L2565","SYSTEM","4.0","CVE-2017-1556","IBM API Connect 5.0.7.0 through 5.0.7.2 is vulnerable to a regular expression attack that could allow an authenticated attacker to use a regex and cause the system to slow or hang. IBM X-Force ID: 131546."
"IBM API Connect 5.0.8.0","uninstalled","L2565","SYSTEM","6.4","CVE-2017-1322","IBM API Connect 5.0.6.0 is vulnerable to an XML External Entity Injection (XXE) attack when processing XML data. A remote attacker could exploit this vulnerability to expose highly sensitive information or consume memory resources. IBM X-Force ID: 125918."
"IBM API Connect 5.0.8.0","uninstalled","L2565","SYSTEM","5.0","CVE-2016-3012","IBM API Connect (aka APIConnect) before 5.0.3.0 with NPM before 2.2.8 includes certain internal server credentials in the software package, which might allow remote attackers to bypass intended access restrictions by leveraging knowledge of these credentials."
"IBM API Connect 5.0.8.0","uninstalled","L2565","SYSTEM","5.0","CVE-2017-1328","IBM API Connect 5.0.0.0 - 5.0.6.0 could allow a remote attacker to bypass security restrictions of the api, caused by improper handling of security policy. By crafting a suitable request, an attacker could exploit this vulnerability to bypass security and use the vulnerable API. IBM X-Force ID: 126230."
"IBM API Connect 5.0.8.0","uninstalled","L2565","SYSTEM","4.3","CVE-2017-1386","IBM API Connect 5.0.0.0 could allow a user to bypass policy restrictions and create non-compliant passwords which could be intercepted and decrypted using man in the middle techniques. IBM X-Force ID: 127160."
"Rhymix CMS 1.9.8.1","installed","SQLJUMP","SYSTEM","3.5","CVE-2018-19600","Rhymix CMS 1.9.8.1 allows XSS via an index.php?module=admin&act=dispModuleAdminFileBox SVG upload."
"Rhymix CMS 1.9.8.1","installed","SQLJUMP","SYSTEM","6.5","CVE-2018-19601","Rhymix CMS 1.9.8.1 allows SSRF via an index.php?module=admin&act=dispModuleAdminFileBox SVG upload."
"ARC 5.21q","uninstalled","SQLJUMP","SYSTEM","4.3","CVE-2009-1228","Cross-site scripting (XSS) vulnerability in register.php in Arcadwy Arcade Script CMS allows remote attackers to inject arbitrary web script or HTML via the username field (user_name parameter)."
"ARC 5.21q","uninstalled","SQLJUMP","SYSTEM","4.3","CVE-2008-5126","Cross-site scripting (XSS) vulnerability in search.php in BoutikOne CMS allows remote attackers to inject arbitrary web script or HTML via the search_query parameter."
"ARC 5.21q","uninstalled","SQLJUMP","SYSTEM","4.3","CVE-2006-2963","Cross-site scripting (XSS) vulnerability in Suchergebnisse.asp in Cabacos Web CMS 3.8.498 and earlier allows remote attackers to inject arbitrary web script or HTML via the suchtext parameter."
"ARC 5.21q","uninstalled","SQLJUMP","SYSTEM","2.6","CVE-2006-3043","Cross-site scripting (XSS) vulnerability in search.cfm in CreaFrameXe (CFXe) CMS 2.0 and earlier allows remote attackers to inject arbitrary web script or HTML via the voltext_suche parameter."
"ARC 5.21q","uninstalled","SQLJUMP","SYSTEM","4.3","CVE-2010-2154","Cross-site scripting (XSS) vulnerability in the Search Site in CMScout 2.09, and possibly other versions, allows remote attackers to inject arbitrary web script or HTML via the search parameter.  NOTE: some of these details are obtained from third party information."
"ARC 5.21q","uninstalled","SQLJUMP","SYSTEM","4.3","CVE-2008-2127","Cross-site scripting (XSS) vulnerability in search.php in CMS Faethon 2.2 Ultimate allows remote attackers to inject arbitrary web script or HTML via the what parameter.  NOTE: some of these details are obtained from third party information."
"ARC 5.21q","uninstalled","SQLJUMP","SYSTEM","5.8","CVE-2006-2684","Cross-site scripting (XSS) vulnerability in the search module in CMS Mundo 1.0 allows remote attackers to inject arbitrary web script or HTML via the searchstring parameter."
"ARC 5.21q","uninstalled","SQLJUMP","SYSTEM","4.3","CVE-2009-4736","Cross-site scripting (XSS) vulnerability in search.php in CommonSense CMS 5.0 allows remote attackers to inject arbitrary web script or HTML via the q parameter."
"ARC 5.21q","uninstalled","SQLJUMP","SYSTEM","6.8","CVE-2006-4162","Cross-site scripting (XSS) vulnerability in Dragonfly CMS 9.0.6.1 and earlier allows remote attackers to inject arbitrary web script or HTML via the search field."
"ARC 5.21q","uninstalled","SQLJUMP","SYSTEM","4.3","CVE-2008-2397","Cross-site scripting (XSS) vulnerability in search-results.dot in dotCMS 1.x allows remote attackers to inject arbitrary web script or HTML via the search_query parameter.  NOTE: the provenance of this information is unknown; the details are obtained solely from third party information."
"ARC 5.21q","uninstalled","SQLJUMP","SYSTEM","5.0","CVE-2008-1352","Directory traversal vulnerability in search.php in EdiorCMS (ecms) 3.0 allows remote attackers to read arbitrary files via a .. (dot dot) in the _SearchTemplate parameter during a Title search."
"ARC 5.21q","uninstalled","SQLJUMP","SYSTEM","4.3","CVE-2007-5932","Multiple cross-site scripting (XSS) vulnerabilities in Fatwire Content Server (CS) CMS 6.3.0 allow remote attackers to inject arbitrary web script or HTML via unspecified form fields related to the (1) search function, (2) advanced search function, and possibly other components."
"ARC 5.21q","uninstalled","SQLJUMP","SYSTEM","6.8","CVE-2006-5643","Cross-site scripting (XSS) vulnerability in search_de.html in foresite CMS allows remote attackers to inject arbitrary web script or HTML via the query parameter."
"ARC 5.21q","uninstalled","SQLJUMP","SYSTEM","4.3","CVE-2006-4017","Cross-site scripting (XSS) vulnerability in the search module in Inter Network Marketing (INM) CMS G3 allows remote attackers to inject arbitrary web script or HTML via the search_string parameter."
"ARC 5.21q","uninstalled","SQLJUMP","SYSTEM","4.3","CVE-2009-3171","Multiple cross-site scripting (XSS) vulnerabilities in Anantasoft Gazelle CMS 1.0 and earlier allow remote attackers to inject arbitrary web script or HTML via the (1) user parameter to user.php or (2) lookup parameter to search.php."
"ARC 5.21q","uninstalled","SQLJUMP","SYSTEM","6.5","CVE-2012-6290","SQL injection vulnerability in ImageCMS before 4.2 allows remote authenticated administrators to execute arbitrary SQL commands via the q parameter to admin/admin_search/.  NOTE: this can be leveraged using CSRF to allow remote unauthenticated attackers to execute arbitrary SQL commands."
"ARC 5.21q","uninstalled","SQLJUMP","SYSTEM","7.5","CVE-2006-4422","** DISPUTED **  PHP remote file inclusion vulnerability in includes/phpdig/libs/search_function.php in Jetbox CMS 2.1 allows remote attackers to execute arbitrary PHP code via a URL in the relative_script_path parameter, a different vector than CVE-2006-2270. NOTE: this issue has been disputed, and as of 20060830, CVE analysis concurs with the dispute.  In addition, it is likely that the vulnerability is actually in a third party module, phpDig 1.8.8."
"ARC 5.21q","uninstalled","SQLJUMP","SYSTEM","7.5","CVE-2005-1373","Multiple SQL injection vulnerabilities in index.php in Dream4 Koobi CMS 4.2.3 allow remote attackers to execute arbitrary SQL commands via the (1) q or (2) p parameters."
"ARC 5.21q","uninstalled","SQLJUMP","SYSTEM","4.3","CVE-2005-4780","** DISPUTED **  Cross-site scripting (XSS) vulnerability in Fidra Lighthouse CMS 1.1.0 and earlier allows remote attackers to inject arbitrary web script or HTML via the search parameter in a query_string to the home page. NOTE: The vendor disputes this issue, saying ""Lighthouse does not in any way make use of the PHP technology.  [It] is an application server ... A technology like this cannot be susceptible to client-side cross-site-scripting-attacks on its own, but only applications created based on such a technology. This does not only apply to Lighthouse, but also to Perl, PHP or web applications based on Java Servlet technology.""  Since the original researcher is known to test demo pages and is sometimes inaccurate, it is likely that this issue will be REJECTED."
"ARC 5.21q","uninstalled","SQLJUMP","SYSTEM","7.5","CVE-2008-4364","SQL injection vulnerability in default.aspx in ParsaGostar ParsaWeb CMS allows remote attackers to execute arbitrary SQL commands via the (1) id parameter in the ""page"" page and (2) txtSearch parameter in the ""Search"" page."
"ARC 5.21q","uninstalled","SQLJUMP","SYSTEM","5.0","CVE-2008-6981","index.php in phpAdultSite CMS, possibly 2.3.2, allows remote attackers to obtain the full installation path via an invalid results_per_page parameter, which leaks the path in an error message.  NOTE: this issue might be resultant from a separate SQL injection vulnerability."
"ARC 5.21q","uninstalled","SQLJUMP","SYSTEM","7.5","CVE-2008-6980","SQL injection vulnerability in as_archives.php in phpAdultSite CMS, possibly 2.3.2, allows remote attackers to execute arbitrary SQL commands via the results_per_page parameter to index.php.  NOTE: some of these details are obtained from third party information."
"ARC 5.21q","uninstalled","SQLJUMP","SYSTEM","4.3","CVE-2008-6979","Cross-site scripting (XSS) vulnerability in as_archives.php in phpAdultSite CMS, possibly 2.3.2, allows remote attackers to inject arbitrary web script or HTML via the results_per_page parameter to index.php.  NOTE: some of these details are obtained from third party information.  NOTE: this issue might be resultant from a separate SQL injection vulnerability."
"ARC 5.21q","uninstalled","SQLJUMP","SYSTEM","6.8","CVE-2006-2774","Cross-site scripting (XSS) vulnerability in search.php in QontentOne CMS allows remote attackers to inject arbitrary web script or HTML via the search_phrase parameter."
"ARC 5.21q","uninstalled","SQLJUMP","SYSTEM","6.8","CVE-2007-5141","SQL injection vulnerability in search.php in SiteX CMS 0.7.3 Beta allows remote attackers to execute arbitrary SQL commands via the search parameter."
"ARC 5.21q","uninstalled","SQLJUMP","SYSTEM","4.3","CVE-2006-0243","Cross-site scripting (XSS) vulnerability in SMBCMS 2.1 allows remote attackers to inject arbitrary web script or HTML via the text parameter, which is used by the ""Search Site"" field.  NOTE: the provenance of this information is unknown; the details are obtained solely from third party information."
"ARC 5.21q","uninstalled","SQLJUMP","SYSTEM","4.3","CVE-2008-1413","Cross-site scripting (XSS) vulnerability in search.php in SNewsCMS Rus 2.1 through 2.4 allows remote attackers to inject arbitrary web script or HTML via the query parameter."
"ARC 5.21q","uninstalled","SQLJUMP","SYSTEM","4.3","CVE-2010-1072","Cross-site scripting (XSS) vulnerability in search.php in Sniggabo CMS 2.21 allows remote attackers to inject arbitrary web script or HTML via the q parameter."
"ARC 5.21q","uninstalled","SQLJUMP","SYSTEM","4.3","CVE-2012-1781","Multiple cross-site scripting (XSS) vulnerabilities in ajax/commentajax.php in SocialCMS 1.0.5 allow remote attackers to inject arbitrary web script or HTML via the (1) TREF_email_address or (2) TR_name parameters."
"ARC 5.21q","uninstalled","SQLJUMP","SYSTEM","7.5","CVE-2010-1078","SQL injection vulnerability in archive.php in XlentProjects SphereCMS 1.1 alpha allows remote attackers to execute arbitrary SQL commands via encoded null bytes (""%00"") in the view parameter, which bypasses a protection mechanism."
"ARC 5.21q","uninstalled","SQLJUMP","SYSTEM","5.8","CVE-2006-1405","Cross-site scripting (XSS) vulnerability in search.aspx in SweetSuite.NET Content Management System (ssCMS) 2.1.0 and earlier allows remote attackers to inject arbitrary web script or HTML via the keywords parameter."
"ARC 5.21q","uninstalled","SQLJUMP","SYSTEM","4.3","CVE-2012-4998","Cross-site scripting (XSS) vulnerability in index.php in starCMS allows remote attackers to inject arbitrary web script or HTML via the q parameter."
"ARC 5.21q","uninstalled","SQLJUMP","SYSTEM","4.3","CVE-2008-0793","Multiple cross-site scripting (XSS) vulnerabilities in search.asp in Tendenci CMS allow remote attackers to inject arbitrary web script or HTML via the (1) category, (2) searchtext, (3) jobcategoryid, (4) contactcompany, and unspecified other parameters.  NOTE: some of these details are obtained from third party information.  NOTE: it is not clear whether this affects Tendenci Enterprise Edition in addition to the product's deployment on Tendenci's own server farm. If only the latter was affected, then this issue should not be included in CVE."
"ARC 5.21q","uninstalled","SQLJUMP","SYSTEM","4.3","CVE-2007-1872","Cross-site scripting (XSS) vulnerability in toendaCMS 1.5.3 allows remote attackers to inject arbitrary web script or HTML via the searchword parameter in a search id."
"ARC 5.21q","uninstalled","SQLJUMP","SYSTEM","3.5","CVE-2018-13002","An XSS issue was discovered in Inhaltsprojekte in Weblication CMS Core & Grid v12.6.24. The vulnerability is located in the `wFilemanager.php` and `index.php` files of the `/grid5/scripts/` modules. The injection point is located in the Project `Title` and the execution point occurs in the `Inhaltsprojekte` output listing section. Remote attackers with privileged user accounts are able to inject their own malicious script code with a persistent attack vector to compromise user session credentials or to manipulate the affected web-application module output context. The request method to inject is POST."
"ARC 5.21q","uninstalled","SQLJUMP","SYSTEM","6.5","CVE-2014-9185","Static code injection vulnerability in install.php in Morfy CMS 1.05 allows remote authenticated users to inject arbitrary PHP code into config.php via the site_url parameter."
"ARC 5.21q","uninstalled","SQLJUMP","SYSTEM","6.8","CVE-2013-4986","Stack-based buffer overflow in PDFAX0722_IconCool.dll 7.22.1125.2121 in IconCool PDFCool Studio 3.32 Build 130330 and earlier allows remote attackers to execute arbitrary code via a crafted PDF file."
"ARC 5.21q","uninstalled","SQLJUMP","SYSTEM","7.5","CVE-2008-1613","SQL injection vulnerability in ioRD.asp in RedDot CMS 7.5 Build 7.5.0.48, and possibly other versions including 6.5 and 7.0, allows remote attackers to execute arbitrary SQL commands via the LngId parameter."
"ARC 5.21q","uninstalled","SQLJUMP","SYSTEM","7.5","CVE-2016-7400","Multiple SQL injection vulnerabilities in Exponent CMS before 2.4.0 allow remote attackers to execute arbitrary SQL commands via the (1) id parameter in an activate_address address controller action, (2) title parameter in a show blog controller action, or (3) content_id parameter in a showComments expComment controller action."
"ARC 5.21q","uninstalled","SQLJUMP","SYSTEM","7.5","CVE-2018-7474","An issue was discovered in Textpattern CMS 4.6.2 and earlier. It is possible to inject SQL code in the variable ""qty"" on the page index.php."
"ARC 5.21q","uninstalled","SQLJUMP","SYSTEM","5.0","CVE-2015-9275","ARC 5.21q allows directory traversal via a full pathname in an archive file."
"ARC 5.21q","uninstalled","SQLJUMP","SYSTEM","2.1","CVE-2005-2992","arc 5.21j and earlier allows local users to overwrite arbitrary files via a symlink attack on temporary files, a different type of vulnerability than CVE-2005-2945."
"ARC 5.21q","uninstalled","SQLJUMP","SYSTEM","2.1","CVE-2005-2945","arc 5.21j and earlier create temporary files with world-readable permissions, which allows local users to read sensitive information from files created by (1) arc (arc.c) or (2) marc (marc.c)."
"Artifex Ghostscript 9.25","installed","SQLJUMP","SYSTEM","9.3","CVE-2018-16509","An issue was discovered in Artifex Ghostscript before 9.24. Incorrect ""restoration of privilege"" checking during handling of /invalidaccess exceptions could be used by attackers able to supply crafted PostScript to execute code using the ""pipe"" instruction."
"Artifex Ghostscript 9.25","installed","SQLJUMP","SYSTEM","6.8","CVE-2017-8291","Artifex Ghostscript through 2017-04-26 allows -dSAFER bypass and remote command execution via .rsdparams type confusion with a ""/OutputFile (%pipe%"" substring in a crafted .eps document that is an input to the gs program, as exploited in the wild in April 2017."
"Artifex Ghostscript 9.25","installed","SQLJUMP","SYSTEM","4.3","CVE-2018-16539","In Artifex Ghostscript before 9.24, attackers able to supply crafted PostScript files could use incorrect access checking in temp file handling to disclose contents of files on the system otherwise not readable."
"Artifex Ghostscript 9.25","installed","SQLJUMP","SYSTEM","6.8","CVE-2018-16540","In Artifex Ghostscript before 9.24, attackers able to supply crafted PostScript files to the builtin PDF14 converter could use a use-after-free in copydevice handling to crash the interpreter or possibly have unspecified other impact."
"Artifex Ghostscript 9.25","installed","SQLJUMP","SYSTEM","6.8","CVE-2018-19475","psi/zdevice2.c in Artifex Ghostscript before 9.26 allows remote attackers to bypass intended access restrictions because available stack space is not checked when the device remains the same."
"Artifex Ghostscript 9.25","installed","SQLJUMP","SYSTEM","4.3","CVE-2016-10218","The pdf14_pop_transparency_group function in base/gdevp14.c in the PDF Transparency module in Artifex Software, Inc. Ghostscript 9.20 allows remote attackers to cause a denial of service (NULL pointer dereference and application crash) via a crafted file."
"Artifex Ghostscript 9.25","installed","SQLJUMP","SYSTEM","4.3","CVE-2016-10219","The intersect function in base/gxfill.c in Artifex Software, Inc. Ghostscript 9.20 allows remote attackers to cause a denial of service (divide-by-zero error and application crash) via a crafted file."
"Artifex Ghostscript 9.25","installed","SQLJUMP","SYSTEM","6.8","CVE-2016-10317","The fill_threshhold_buffer function in base/gxht_thresh.c in Artifex Software, Inc. Ghostscript 9.20 allows remote attackers to cause a denial of service (heap-based buffer overflow and application crash) or possibly have unspecified other impact via a crafted PostScript document."
"Artifex Ghostscript 9.25","installed","SQLJUMP","SYSTEM","6.8","CVE-2018-15909","In Artifex Ghostscript 9.23 before 2018-08-24, a type confusion using the .shfill operator could be used by attackers able to supply crafted PostScript files to crash the interpreter or potentially execute code."
"Artifex Ghostscript 9.25","installed","SQLJUMP","SYSTEM","6.8","CVE-2017-9619","The xps_true_callback_glyph_name function in xps/xpsttf.c in Artifex Ghostscript GhostXPS 9.21 allows remote attackers to cause a denial of service (Segmentation Violation and application crash) via a crafted file."
"Artifex Ghostscript 9.25","installed","SQLJUMP","SYSTEM","6.8","CVE-2018-16511","An issue was discovered in Artifex Ghostscript before 9.24. A type confusion in ""ztype"" could be used by remote attackers able to supply crafted PostScript to crash the interpreter or possibly have unspecified other impact."
"Artifex Ghostscript 9.25","installed","SQLJUMP","SYSTEM","6.8","CVE-2018-17961","Artifex Ghostscript 9.25 and earlier allows attackers to bypass a sandbox protection mechanism via vectors involving errorhandler setup. NOTE: this issue exists because of an incomplete fix for CVE-2018-17183."
"Artifex Ghostscript 9.25","installed","SQLJUMP","SYSTEM","6.8","CVE-2018-19134","In Artifex Ghostscript through 9.25, the setpattern operator did not properly validate certain types. A specially crafted PostScript document could exploit this to crash Ghostscript or, possibly, execute arbitrary code in the context of the Ghostscript process. This is a type confusion issue because of failure to check whether the Implementation of a pattern dictionary was a structure type."
"Artifex Ghostscript 9.25","installed","SQLJUMP","SYSTEM","6.8","CVE-2018-19476","psi/zicc.c in Artifex Ghostscript before 9.26 allows remote attackers to bypass intended access restrictions because of a setcolorspace type confusion."
"Artifex Ghostscript 9.25","installed","SQLJUMP","SYSTEM","4.3","CVE-2018-16541","In Artifex Ghostscript before 9.24, attackers able to supply crafted PostScript files could use incorrect free logic in pagedevice replacement to crash the interpreter."
"Artifex Ghostscript 9.25","installed","SQLJUMP","SYSTEM","4.3","CVE-2018-19478","In Artifex Ghostscript before 9.26, a carefully crafted PDF file can trigger an extremely long running computation when parsing the file."
"Artifex Ghostscript 9.25","installed","SQLJUMP","SYSTEM","6.8","CVE-2018-17183","Artifex Ghostscript before 9.25 allowed a user-writable error exception table, which could be used by remote attackers able to supply crafted PostScript to potentially overwrite or replace error handlers to inject code."
"Artifex Ghostscript 9.25","installed","SQLJUMP","SYSTEM","6.8","CVE-2017-7975","Artifex jbig2dec 0.13, as used in Ghostscript, allows out-of-bounds writes because of an integer overflow in the jbig2_build_huffman_table function in jbig2_huffman.c during operations on a crafted JBIG2 file, leading to a denial of service (application crash) or possibly execution of arbitrary code."
"Artifex Ghostscript 9.25","installed","SQLJUMP","SYSTEM","4.3","CVE-2017-7207","The mem_get_bits_rectangle function in Artifex Software, Inc. Ghostscript 9.20 allows remote attackers to cause a denial of service (NULL pointer dereference) via a crafted PostScript document."
"Artifex Ghostscript 9.25","installed","SQLJUMP","SYSTEM","7.5","CVE-2018-19409","An issue was discovered in Artifex Ghostscript before 9.26. LockSafetyParams is not checked correctly if another device is used."
"Artifex Ghostscript 9.25","installed","SQLJUMP","SYSTEM","4.3","CVE-2016-10217","The pdf14_open function in base/gdevp14.c in Artifex Software, Inc. Ghostscript 9.20 allows remote attackers to cause a denial of service (use-after-free and application crash) via a crafted file that is mishandled in the color management module."
"Artifex Ghostscript 9.25","installed","SQLJUMP","SYSTEM","4.3","CVE-2016-10220","The gs_makewordimagedevice function in base/gsdevmem.c in Artifex Software, Inc. Ghostscript 9.20 allows remote attackers to cause a denial of service (NULL pointer dereference and application crash) via a crafted file that is mishandled in the PDF Transparency module."
"Artifex Ghostscript 9.25","installed","SQLJUMP","SYSTEM","7.5","CVE-2018-18284","Artifex Ghostscript 9.25 and earlier allows attackers to bypass a sandbox protection mechanism via vectors involving the 1Policy operator."
"Artifex Ghostscript 9.25","installed","SQLJUMP","SYSTEM","4.3","CVE-2017-8908","The mark_line_tr function in gxscanc.c in Artifex Ghostscript 9.21 allows remote attackers to cause a denial of service (out-of-bounds read) via a crafted PostScript document."
"Artifex Ghostscript 9.25","installed","SQLJUMP","SYSTEM","6.8","CVE-2018-16543","In Artifex Ghostscript before 9.24, gssetresolution and gsgetresolution allow attackers to have an unspecified impact."
"Artifex Ghostscript 9.25","installed","SQLJUMP","SYSTEM","4.3","CVE-2017-5951","The mem_get_bits_rectangle function in base/gdevmem.c in Artifex Software, Inc. Ghostscript 9.20 allows remote attackers to cause a denial of service (NULL pointer dereference and application crash) via a crafted file."
"Artifex Ghostscript 9.25","installed","SQLJUMP","SYSTEM","6.8","CVE-2018-19477","psi/zfjbig2.c in Artifex Ghostscript before 9.26 allows remote attackers to bypass intended access restrictions because of a JBIG2Decode type confusion."
"Artifex Ghostscript 9.25","installed","SQLJUMP","SYSTEM","4.3","CVE-2018-16542","In Artifex Ghostscript before 9.24, attackers able to supply crafted PostScript files could use insufficient interpreter stack-size checking during error handling to crash the interpreter."
"Artifex Ghostscript 9.25","installed","SQLJUMP","SYSTEM","5.0","CVE-2018-11645","psi/zfile.c in Artifex Ghostscript before 9.21rc1 permits the status command even if -dSAFER is used, which might allow remote attackers to determine the existence and size of arbitrary files, a similar issue to CVE-2016-7977."
"Artifex Ghostscript 9.25","installed","SQLJUMP","SYSTEM","4.3","CVE-2018-18073","Artifex Ghostscript allows attackers to bypass a sandbox protection mechanism by leveraging exposure of system operators in the saved execution stack in an error object."
"Artifex Ghostscript 9.25","installed","SQLJUMP","SYSTEM","6.8","CVE-2017-9618","The xps_load_sfnt_name function in xps/xpsfont.c in Artifex Ghostscript GhostXPS 9.21 allows remote attackers to cause a denial of service (buffer overflow and application crash) or possibly have unspecified other impact via a crafted document."
"Artifex Ghostscript 9.25","installed","SQLJUMP","SYSTEM","6.8","CVE-2018-15908","In Artifex Ghostscript 9.23 before 2018-08-23, attackers are able to supply malicious PostScript files to bypass .tempfile restrictions and write files."
"Artifex Ghostscript 9.25","installed","SQLJUMP","SYSTEM","6.8","CVE-2018-16513","In Artifex Ghostscript before 9.24, attackers able to supply crafted PostScript files could use a type confusion in the setcolor function to crash the interpreter or possibly have unspecified other impact."
"Artifex Ghostscript 9.25","installed","SQLJUMP","SYSTEM","4.3","CVE-2017-9216","libjbig2dec.a in Artifex jbig2dec 0.13, as used in MuPDF and Ghostscript, has a NULL pointer dereference in the jbig2_huffman_get function in jbig2_huffman.c. For example, the jbig2dec utility will crash (segmentation fault) when parsing an invalid file."
"Artifex Ghostscript 9.25","installed","SQLJUMP","SYSTEM","6.8","CVE-2017-9611","The Ins_MIRP function in base/ttinterp.c in Artifex Ghostscript GhostXPS 9.21 allows remote attackers to cause a denial of service (heap-based buffer over-read and application crash) or possibly have unspecified other impact via a crafted document."
"Artifex Ghostscript 9.25","installed","SQLJUMP","SYSTEM","6.8","CVE-2018-16510","An issue was discovered in Artifex Ghostscript before 9.24. Incorrect exec stack handling in the ""CS"" and ""SC"" PDF primitives could be used by remote attackers able to supply crafted PDFs to crash the interpreter or possibly have unspecified other impact."
"Artifex Ghostscript 9.25","installed","SQLJUMP","SYSTEM","6.8","CVE-2017-9612","The Ins_IP function in base/ttinterp.c in Artifex Ghostscript GhostXPS 9.21 allows remote attackers to cause a denial of service (use-after-free and application crash) or possibly have unspecified other impact via a crafted document."
"Artifex Ghostscript 9.25","installed","SQLJUMP","SYSTEM","6.8","CVE-2018-16585","An issue was discovered in Artifex Ghostscript before 9.24. The .setdistillerkeys PostScript command is accepted even though it is not intended for use during document processing (e.g., after the startup phase). This leads to memory corruption, allowing remote attackers able to supply crafted PostScript to crash the interpreter or possibly have unspecified other impact."
"Artifex Ghostscript 9.25","installed","SQLJUMP","SYSTEM","6.8","CVE-2018-15911","In Artifex Ghostscript 9.23 before 2018-08-24, attackers able to supply crafted PostScript could use uninitialized memory access in the aesdecode operator to crash the interpreter or potentially execute code."
"Artifex Ghostscript 9.25","installed","SQLJUMP","SYSTEM","6.8","CVE-2017-9727","The gx_ttfReader__Read function in base/gxttfb.c in Artifex Ghostscript GhostXPS 9.21 allows remote attackers to cause a denial of service (heap-based buffer over-read and application crash) or possibly have unspecified other impact via a crafted document."
"Artifex Ghostscript 9.25","installed","SQLJUMP","SYSTEM","6.8","CVE-2017-9740","The xps_decode_font_char_imp function in xps/xpsfont.c in Artifex Ghostscript GhostXPS 9.21 allows remote attackers to cause a denial of service (heap-based buffer over-read and application crash) or possibly have unspecified other impact via a crafted document."
"Artifex Ghostscript 9.25","installed","SQLJUMP","SYSTEM","6.8","CVE-2017-9739","The Ins_JMPR function in base/ttinterp.c in Artifex Ghostscript GhostXPS 9.21 allows remote attackers to cause a denial of service (heap-based buffer over-read and application crash) or possibly have unspecified other impact via a crafted document."
"Artifex Ghostscript 9.25","installed","SQLJUMP","SYSTEM","6.8","CVE-2017-9726","The Ins_MDRP function in base/ttinterp.c in Artifex Ghostscript GhostXPS 9.21 allows remote attackers to cause a denial of service (heap-based buffer over-read and application crash) or possibly have unspecified other impact via a crafted document."
"Artifex Ghostscript 9.25","installed","SQLJUMP","SYSTEM","6.8","CVE-2017-9610","The xps_load_sfnt_name function in xps/xpsfont.c in Artifex Ghostscript GhostXPS 9.21 allows remote attackers to cause a denial of service (heap-based buffer over-read and application crash) or possibly have unspecified other impact via a crafted document."
"Artifex Ghostscript 9.25","installed","SQLJUMP","SYSTEM","6.8","CVE-2018-16802","An issue was discovered in Artifex Ghostscript before 9.25. Incorrect ""restoration of privilege"" checking when running out of stack during exception handling could be used by attackers able to supply crafted PostScript to execute code using the ""pipe"" instruction. This is due to an incomplete fix for CVE-2018-16509."
"Artifex Ghostscript 9.25","installed","SQLJUMP","SYSTEM","6.8","CVE-2018-15910","In Artifex Ghostscript before 9.24, attackers able to supply crafted PostScript files could use a type confusion in the LockDistillerParams parameter to crash the interpreter or execute code."
"Artifex Ghostscript 9.25","installed","SQLJUMP","SYSTEM","6.8","CVE-2017-7948","Integer overflow in the mark_curve function in Artifex Ghostscript 9.21 allows remote attackers to cause a denial of service (out-of-bounds write and application crash) or possibly have unspecified other impact via a crafted PostScript document."
"Artifex Ghostscript 9.25","installed","SQLJUMP","SYSTEM","6.8","CVE-2017-9620","The xps_select_font_encoding function in xps/xpsfont.c in Artifex Ghostscript GhostXPS 9.21 allows remote attackers to cause a denial of service (heap-based buffer over-read and application crash) or possibly have unspecified other impact via a crafted document, related to the xps_encode_font_char_imp function."
"Artifex Ghostscript 9.25","installed","SQLJUMP","SYSTEM","6.8","CVE-2018-10194","The set_text_distance function in devices/vector/gdevpdts.c in the pdfwrite component in Artifex Ghostscript through 9.22 does not prevent overflows in text-positioning calculation, which allows remote attackers to cause a denial of service (application crash) or possibly have unspecified other impact via a crafted PDF document."
"Artifex Ghostscript 9.25","installed","SQLJUMP","SYSTEM","6.8","CVE-2017-11714","psi/ztoken.c in Artifex Ghostscript 9.21 mishandles references to the scanner state structure, which allows remote attackers to cause a denial of service (application crash) or possibly have unspecified other impact via a crafted PostScript document, related to an out-of-bounds read in the igc_reloc_struct_ptr function in psi/igc.c."
"Artifex Ghostscript 9.25","installed","SQLJUMP","SYSTEM","6.8","CVE-2017-9835","The gs_alloc_ref_array function in psi/ialloc.c in Artifex Ghostscript 9.21 allows remote attackers to cause a denial of service (heap-based buffer overflow and application crash) or possibly have unspecified other impact via a crafted PostScript document. This is related to a lack of an integer overflow check in base/gsalloc.c."
"Poppler 0.72.0","installed","W2577","SYSTEM","4.3","CVE-2018-20662","In Poppler 0.72.0, PDFDoc::setup in PDFDoc.cc allows attackers to cause a denial-of-service (application crash caused by Object.h SIGABRT, because of a wrong return value from PDFDoc::setup) by crafting a PDF file in which an xref data structure is mishandled during extractPDFSubtype processing."
"Poppler 0.72.0","installed","W2577","SYSTEM","4.3","CVE-2018-20551","A reachable Object::getString assertion in Poppler 0.72.0 allows attackers to cause a denial of service due to construction of invalid rich media annotation assets in the AnnotRichMedia class in Annot.c."
"Poppler 0.72.0","installed","W2577","SYSTEM","4.3","CVE-2018-20481","XRef::getEntry in XRef.cc in Poppler 0.72.0 mishandles unallocated XRef entries, which allows remote attackers to cause a denial of service (NULL pointer dereference) via a crafted PDF document, when XRefEntry::setFlag in XRef.h is called from Parser::makeStream in Parser.cc."
"Poppler 0.72.0","installed","W2577","SYSTEM","4.3","CVE-2018-20650","A reachable Object::dictLookup assertion in Poppler 0.72.0 allows attackers to cause a denial of service due to the lack of a check for the dict data type, as demonstrated by use of the FileSpec class (in FileSpec.cc) in pdfdetach."
"YUNUCMS V1.1.8","installed","W4108","SYSTEM","3.5","CVE-2018-18720","An XSS issue was discovered in index.php/admin/system/basic in YUNUCMS 1.1.5."
"YUNUCMS V1.1.8","installed","W4108","SYSTEM","3.5","CVE-2018-18725","An XSS issue was discovered in admin/banner/editbanner?id=20 in YUNUCMS 1.1.5."
"YUNUCMS V1.1.8","installed","W4108","SYSTEM","4.3","CVE-2018-17322","Cross-site scripting (XSS) vulnerability in index.php/index/category/index in YUNUCMS 1.1.4 allows remote attackers to inject arbitrary web script or HTML via the area parameter."
"YUNUCMS V1.1.8","installed","W4108","SYSTEM","3.5","CVE-2018-18721","An XSS issue was discovered in admin/link/editlink?id=5 in YUNUCMS 1.1.5."
"YUNUCMS V1.1.8","installed","W4108","SYSTEM","3.5","CVE-2018-18726","An XSS issue was discovered in admin/sitelink/editsitelink?id=16 in YUNUCMS 1.1.5."
"YUNUCMS V1.1.8","installed","W4108","SYSTEM","3.5","CVE-2018-18724","An XSS issue was discovered in index.php/admin/category/editcategory?id=73 in YUNUCMS 1.1.5."
"YUNUCMS V1.1.8","installed","W4108","SYSTEM","3.5","CVE-2018-18723","An XSS issue was discovered in index.php/admin/area/editarea/id/110000 in YUNUCMS 1.1.5."
"YUNUCMS V1.1.8","installed","W4108","SYSTEM","3.5","CVE-2018-18722","An XSS issue was discovered in admin/content/editcontent?id=29&gopage=1 in YUNUCMS 1.1.5."
"YUNUCMS V1.1.8","installed","W4108","SYSTEM","3.5","CVE-2018-9993","YUNUCMS 1.0.7 has XSS via the content title on an admin/content/addcontent/cid/## page (aka a news center page)."
"YUNUCMS V1.1.8","installed","W4108","SYSTEM","6.4","CVE-2018-19181","statics/ueditor/php/vendor/Local.class.php in YUNUCMS 1.1.5 allows arbitrary file deletion via the statics/ueditor/php/controller.php?action=remove key parameter, as demonstrated by using directory traversal to delete the install.lock file."
"YUNUCMS V1.1.8","installed","W4108","SYSTEM","4.3","CVE-2019-5311","An issue was discovered in YUNUCMS V1.1.8. app/index/controller/Show.php has an XSS vulnerability via the index.php/index/show/index cw parameter."
